,AUC1,AUC2
0,"[19.348509768, 27.535749692000003, 44.900057676, 37.96036628]","[23.625030267999996, 24.305586774, 27.000034725999996, 20.607169325999998, 62.500080334, 71.398050902]"
