,AUC1,AUC2
0,"[22.15911945, 27.842141081999998, 37.159138736, 41.388942062]","[21.05002696, 22.066694939999998, 36.750047142, 23.250029946000005, 70.055645604, 123.85730207600001]"
